relative_path,sha256,size_bytes
protocols/cutest_fixed_valid_inventory_v2.csv,a7afe9f2f2ce0d54cdd082e62a43c6170524b11a778caa46484b8659d58c0e3a,3936
protocols/cutest_scalable_valid_inventory_v2.csv,c1564070d331e1137b70367e3f4970b80e44f9890446eb223136eac85a535383,12747
protocols/CUTEST_TECHNICAL_INVENTORY_SUMMARY_v2.json,d991bb427a3c13b84e89fabd1272e146ca893cdd7b6bb2b1ccd02b15d36ad6dc,389
protocols/cutest_pre_registered_problem_list_v2.csv,4d0b8fc831ff1fc0ccfa284ad10bb75c9d72d69ee0d3328f5fc72aecd52cc75f,14714
protocols/cutest_valid_not_selected_v2.csv,6bda4d1dc44d18149f6ed2ef3eea3df48263814d33cea08b96f3c5c1c9b1e239,11041
protocols/cutest_selection_audit_v2.csv,a83162f607fc2eca8e61cc6ab5f89b37e49cc7a3001eca468218f4e080372775,10108
protocols/CUTEST_PRE_REGISTRATION_PROTOCOL_v2.md,7e3a1f31ebb1f2d3c27e8a3a7842b1689fef815d3e7ef2857348bc84f07acc31,2043
protocols/CUTEST_PRE_REGISTRATION_SUMMARY_v2.json,81f576c4332973489aedf2b03668d24de0fe0532736869f239c6b78f58704528,646
protocols/CUTEST_TECHNICAL_INVENTORY_AUDIT_v2.md,5b20bf6f7955ba43e4fade4b5508531c1703deafc9fb7d7e4604e1d743c7e275,921
